,Date,Open,High,Low ,Close
Tu,11/2/2020,222.607,224.945,218.325,218.788
Mo,10/2/2020,226.595,229.395,216.65,222.607
,,0,,,
Fr,7/2/2020,213.445,224.3,210.765,219.366
Th,6/2/2020,206.635,216.18,201.26,213.443
We,5/2/2020,187.785,207.735,187.455,206.633
Tu,4/2/2020,189.517,191.425,184.643,187.785
Mo,3/2/2020,191.152,195.008,186.758,189.517
,,0,,,
Fr,31/1/2020,184.925,186.643,174.957,180.62
Th,30/1/2020,175.72,184.982,170.462,184.925
We,29/1/2020,172.027,178.473,172.015,175.717
Tu,28/1/2020,171.168,174.42,169.378,172.027
Mo,27/1/2020,166.117,171.793,164.875,171.168
,,0,,,
Fr,24/1/2020,162.22,164.247,155.412,163.068
Th,23/1/2020,167.475,167.682,158.915,162.22
We,22/1/2020,168.93,171.012,165.637,167.475
Tu,21/1/2020,167.013,169.878,164.827,168.93
Mo,20/1/2020,164.393,167.657,161.075,167.013
,,0,,,
Fr,17/1/2020,163.18,173.99,162.013,170.875
Th,16/1/2020,165.122,167.16,158.538,163.165
We,15/1/2020,163.793,171.342,159.033,165.122
Tu,14/1/2020,144.175,169.93,143.52,163.793
Mo,13/1/2020,144.107,146.91,142.082,144.173
,,0,,,
Fr,10/1/2020,136.995,145.015,135.48,142.847
Th,9/1/2020,139.12,141.375,135.355,136.995
We,8/1/2020,142.508,147.887,137.17,139.12
Tu,7/1/2020,141.7,145.155,139.043,142.515
Mo,6/1/2020,137.883,142.938,134.313,141.7
,,0,,,
Fr,3/1/2020,127.736,134.761,125.9,132.56
Th,2/1/2020,131.79,131.79,126.285,127.911
We,1/1/2020,128.415,132.822,128.087,131.79
Tu,31/12/2019,131.673,133.255,127.853,128.415
Mo,30/12/2019,133.24,137.777,130.005,131.675
,,0,,,
Fr,27/12/2019,126.382,126.803,122.618,125.71
Th,26/12/2019,125.468,132.244,124.27,126.382
We,25/12/2019,128.295,128.302,123.295,125.468
Tu,24/12/2019,127.285,129.762,126.42,128.3
Mo,23/12/2019,130.682,135.244,126.365,127.288
,,0,,,
Fr,20/12/2019,126.91,129.62,126.125,128.42
Th,19/12/2019,130.832,134.62,125.99,126.91
We,18/12/2019,122.258,133.168,116.628,130.832
Tu,17/12/2019,132.03,133.337,120.4,122.258
Mo,16/12/2019,142.525,143.444,130.158,132.03
,,0,,,
Fr,13/12/2019,145.046,145.665,143.043,144.653
Th,12/12/2019,143.03,146,139.613,145.046
We,11/12/2019,145.272,146.685,142.32,143.03
Tu,10/12/2019,147.578,148.193,144.19,145.272
Mo,9/12/2019,151.473,152.287,146.947,147.581
,,0,,,
Fr,6/12/2019,148.335,150.189,146.27,148.8
Th,5/12/2019,145.622,149.367,144.253,148.335
We,4/12/2019,148.238,152.5,143.497,145.628
Tu,3/12/2019,148.675,150.445,146.18,148.24
Mo,2/12/2019,150.613,152.548,147.015,148.675
,,0,,,
Fr,29/11/2019,152.555,158.11,149.6,152.982
Th,28/11/2019,153.927,155.085,150.335,152.555
We,27/11/2019,148.31,155.921,141.565,153.922
Tu,26/11/2019,148.178,150.224,143.995,148.307
Mo,25/11/2019,145.533,152.217,132.275,148.33
,,0,,,
Fr,22/11/2019,159.95,162.989,138.223,153.41
Th,21/11/2019,175.275,175.948,156.682,159.952
We,20/11/2019,174.855,177.843,173.47,175.275
Tu,19/11/2019,178.803,179.284,172.89,174.855
Mo,18/11/2019,185.319,186.454,174.995,178.803
,,0,,,
Fr,15/11/2019,184.96,186.44,177.29,179.72
Th,14/11/2019,187.657,189.014,183.052,184.96
We,13/11/2019,186.253,189.461,185.325,187.657
Tu,12/11/2019,186.318,187.462,182.277,186.253
Mo,11/11/2019,190.136,190.671,184.86,186.318
,,0,,,
Fr,8/11/2019,186.51,188.237,180.895,185.598
Th,7/11/2019,190.635,192.441,184.425,186.508
We,6/11/2019,190.403,194.622,188.147,190.605
Tu,5/11/2019,186.447,192.508,182.723,190.403
Mo,4/11/2019,179.928,189.597,179.482,186.45
,,0,,,
Fr,1/11/2019,181.46,184.747,177.66,184.375
Th,31/10/2019,183.025,185.53,177.96,181.46
We,30/10/2019,191.535,193.135,180.226,182.982
Tu,29/10/2019,183.938,193.21,181.622,191.535
Mo,28/10/2019,187.335,189.91,180.924,183.938
,,0,,,
Fr,25/10/2019,161.04,187.628,160.063,180.97
Th,24/10/2019,160.58,164.182,159.07,161.04
We,23/10/2019,172.682,173.511,153.445,160.578
Tu,22/10/2019,173.887,175.617,171.55,172.682
Mo,21/10/2019,175.925,178.263,172.175,173.887
,,0,,,
Fr,18/10/2019,176.553,177.878,168.682,174.11
Th,17/10/2019,174.662,179.964,172.915,176.555
We,16/10/2019,178.56,181.307,172.14,174.662
Tu,15/10/2019,186.967,188.495,177.71,178.56
Mo,14/10/2019,183.71,187.832,178.962,186.967
,,0,,,
Fr,11/10/2019,192.405,197.507,180.033,181.934
Th,10/10/2019,192.603,195.92,187.995,192.402
We,9/10/2019,177.879,195.158,177.814,192.592
Tu,8/10/2019,179.431,185.351,177.837,177.837
Mo,7/10/2019,173.07,182.792,167.995,179.431
,,0,,,
Fr,4/10/2019,172.78,179.522,171.2,177.555
Th,3/10/2019,177.355,181.758,170.075,172.78
We,2/10/2019,177.758,179.195,174.288,177.355
Tu,1/10/2019,177.082,185.944,174.072,177.758
Mo,30/9/2019,167.28,181.075,165.535,177.09
,,0,,,
Fr,27/9/2019,164.075,171.828,161.638,171.166
Th,26/9/2019,170.61,173.462,152.948,164.075
We,25/9/2019,165.55,175.223,162.59,170.807
Tu,24/9/2019,205.152,205.372,154.477,165.555
Mo,23/9/2019,207.46,212.252,204.775,205.143
,,0,,,
Fr,20/9/2019,219.8,223.02,212.445,216.344
Th,19/9/2019,211.287,224.455,202.338,219.8
We,18/9/2019,213.04,217.432,207.465,211.287
Tu,17/9/2019,199.24,214.732,196.163,213.04
Mo,16/9/2019,188.665,199.538,188.27,199.24
,,0,,,
Fr,13/9/2019,180.027,182.732,177.612,180.97
Th,12/9/2019,177.005,180.742,176.506,180.025
We,11/9/2019,178.052,181.887,174.403,177.01
Tu,10/9/2019,179.42,184.455,176.638,178.052
Mo,9/9/2019,177.664,185.785,176.005,179.42
,,0,,,
Fr,6/9/2019,172.005,178.372,165.313,168.77
Th,5/9/2019,176.378,177.383,169.933,172.005
We,4/9/2019,181.387,181.413,175.188,176.367
Tu,3/9/2019,179.978,182.98,174.897,181.387
Mo,2/9/2019,170.085,181.54,169.505,179.98
,,0,,,
Fr,30/8/2019,169.725,170.425,165.82,169.122
Th,29/8/2019,171.643,174.077,164.027,169.763
We,28/8/2019,186.637,188.055,166.098,171.643
Tu,27/8/2019,186.355,189.055,184.71,186.637
Mo,26/8/2019,187.322,194.238,183.155,186.355
,,0,,,
Fr,23/8/2019,192.508,196.62,188.645,192.765
Th,22/8/2019,185.837,195.083,182.978,192.508
We,21/8/2019,196.727,198.544,180.298,185.842
Tu,20/8/2019,198.49,203.633,194.923,196.753
Mo,19/8/2019,194.092,202.715,193.11,198.49
,,0,,,
Fr,16/8/2019,187.114,189.577,178.533,185.215
Th,15/8/2019,188.265,190.273,174.092,187.109
We,14/8/2019,207.395,209.835,182.585,188.265
Tu,13/8/2019,211.967,212.297,203.189,207.425
Mo,12/8/2019,215.337,216.665,209.601,211.967
,,0,,,
Fr,9/8/2019,217.522,221.783,206.595,209.265
Th,8/8/2019,224.01,226.89,214.936,217.522
We,7/8/2019,226.042,231.23,220.432,224.01
Tu,6/8/2019,231.93,239.583,225.018,226.042
Mo,5/8/2019,221.458,236.872,220.24,231.93
,,0,,,
Fr,2/8/2019,217.64,222.765,214.957,215.647
Th,1/8/2019,215.38,219.16,211.152,217.64
We,31/7/2019,209.24,217.99,208.686,215.38
Tu,30/7/2019,211.525,214.62,204.45,209.24
Mo,29/7/2019,208.217,214.945,197.773,211.525
,,0,,,
Fr,26/7/2019,218.552,220.625,212.892,218.33
Th,25/7/2019,215.255,225.652,214.563,218.55
We,24/7/2019,217.825,218.043,200.985,215.255
Tu,23/7/2019,217.875,219.13,208.6,217.828
Mo,22/7/2019,221.685,227.995,211.927,217.887
,,0,,,
Fr,19/7/2019,224.803,229.5,213.26,220.375
Th,18/7/2019,212.68,226.79,206.485,224.803
We,17/7/2019,203.113,219.715,192.425,212.68
Tu,16/7/2019,231.239,234.457,190.84,203.115
Mo,15/7/2019,235.12,240.529,203.38,231.231
,,0,,,
Fr,12/7/2019,266.502,279.125,264.867,276.826
Th,11/7/2019,287.322,289.93,262.305,266.487
We,10/7/2019,304.607,314.735,281.305,287.315
Tu,9/7/2019,310.635,318.393,302.992,304.607
Mo,8/7/2019,306.357,312.888,302.455,310.635
,,0,,,
Fr,5/7/2019,292.823,294.985,280.22,286.825
Th,4/7/2019,293.87,303.59,291.595,292.823
We,3/7/2019,288.292,301.005,285.534,293.873
Tu,2/7/2019,288.746,295.97,271.79,288.29
Mo,1/7/2019,299.333,304.367,279.879,288.741
,,0,,,
Fr,28/6/2019,288.637,312.168,282.856,306.405
Th,27/6/2019,337.25,342.35,275.408,288.665
We,26/6/2019,308.675,363.19,308.533,337.255
Tu,25/6/2019,305.96,314.813,305.338,308.665
Mo,24/6/2019,311.208,314.263,294.71,305.96
,,0,,,
Fr,21/6/2019,272.558,295.483,271.059,293.917
Th,20/6/2019,268.022,274.395,266.453,272.553
We,19/6/2019,263.76,270.163,260.928,268.022
Tu,18/6/2019,272.6,275.61,261.352,263.76
Mo,17/6/2019,268.998,275.583,263.4,272.603
,,0,,,
Fr,14/6/2019,258.92,261.96,251.628,257.87
Th,13/6/2019,255.747,264.42,255.197,258.902
We,12/6/2019,244.25,260.563,243.048,255.747
Tu,11/6/2019,244.092,248.875,237.3,244.24
Mo,10/6/2019,238.85,246.497,238.005,244.092
,,0,,,
Fr,7/6/2019,241.392,254.005,241.241,247.77
Th,6/6/2019,244.075,247.927,235.785,241.395
We,5/6/2019,239.47,249.135,234.068,244.063
Tu,4/6/2019,260.64,260.813,234.668,239.473
Mo,3/6/2019,267.333,270.78,254.902,260.64
,,0,,,
Fr,31/5/2019,263.36,264.965,239.645,261.847
Th,30/5/2019,269.663,288.905,260.92,263.36
We,29/5/2019,272.282,274.215,259.548,269.663
Tu,28/5/2019,267.265,276.56,265.262,272.29
Mo,27/5/2019,251.427,279.65,251.38,267.268
,,0,,,
Fr,24/5/2019,244.86,256.177,242.462,253.928
Th,23/5/2019,247.847,248.425,231.258,244.86
We,22/5/2019,262.988,264.305,241.497,247.815
Tu,21/5/2019,254.57,263.582,247.635,262.988
Mo,20/5/2019,256.163,264.682,239.112,254.573
,,0,,,
Fr,17/5/2019,254.55,272.568,223.31,233.318
Th,16/5/2019,239.605,280.08,236.475,254.542
We,15/5/2019,204.375,245.182,202.86,239.642
Tu,14/5/2019,203.913,215.262,191.717,204.387
,,0,,,
Fr,10/5/2019,168.055,176.275,167.605,171.605
Th,9/5/2019,168.427,173.32,165.4,168.055
We,8/5/2019,170.18,173.392,163.573,168.427
Tu,7/5/2019,173.15,180.68,168.6,170.18
Mo,6/5/2019,159.798,175.75,157.673,173.15
,,0,,,
Fr,3/5/2019,158.98,168.992,157.838,165.918
Th,2/5/2019,157.577,159.845,155.513,158.988
We,1/5/2019,156.462,162.818,156.313,157.577
Tu,30/4/2019,151.95,158.492,151.075,156.46
Mo,29/4/2019,154.203,154.725,148.808,151.95
,,0,,,
Fr,26/4/2019,164.978,165.077,146.915,151.158
Th,25/4/2019,164.39,166.478,161.732,164.975
We,24/4/2019,172.563,173.057,160.232,164.39
Tu,23/4/2019,171.768,176.927,170.357,172.563
Mo,22/4/2019,168.055,173.73,167.863,171.768
,,0,,,
Fr,19/4/2019,175.755,175.857,169.41,172.615
Th,18/4/2019,166.577,176.035,165.5,175.755
We,17/4/2019,165.64,168.47,164.462,166.577
Tu,16/4/2019,160.13,167.89,159.487,165.64
Mo,15/4/2019,165,169.428,155.943,160.13
,,0,,,
Fr,12/4/2019,164.732,167.585,159.688,163.765
Th,11/4/2019,176.2,177.88,160.535,164.732
We,10/4/2019,177.773,185.325,170.51,176.2
Tu,9/4/2019,181.395,183.127,174.325,177.773
Mo,8/4/2019,167.702,187.227,167.675,181.387
,,0,,,
Fr,5/4/2019,155.867,168.548,155.698,163.762
Th,4/4/2019,178.34,179.835,153.173,155.867
We,3/4/2019,159.723,179.97,159.027,178.34
Tu,2/4/2019,140.645,162.607,140.645,159.723
Mo,1/4/2019,140.652,142.94,138.877,140.643
,,0,,,
Fr,29/3/2019,137.14,141.78,136.962,140.48
Th,28/3/2019,137.652,139.66,136.603,137.14
We,27/3/2019,133.152,138.642,132.705,137.652
Tu,26/3/2019,131.86,133.777,131.58,133.152
Mo,25/3/2019,135.035,136.212,130.717,131.86
,,0,,,
Fr,22/3/2019,135.115,136.913,134.04,135.818
Th,21/3/2019,137.717,139.315,132.143,135.115
We,20/3/2019,137.595,138.333,135.26,137.715
Tu,19/3/2019,137.272,138.652,136.225,137.607
Mo,18/3/2019,138.1,141.31,135.54,137.272
,,0,,,
Fr,15/3/2019,131.28,136.817,131.175,135.872
Th,14/3/2019,131.223,134.97,128.81,131.28
We,13/3/2019,132.833,133.075,130.128,131.225
Tu,12/3/2019,131.99,134.402,127.527,132.833
Mo,11/3/2019,134.405,135.697,130.43,131.995
,,0,,,
Fr,8/3/2019,137.42,138.635,134.69,135.465
Th,7/3/2019,136.46,139.728,134.598,137.42
We,6/3/2019,135.133,140.235,133.28,136.46
Tu,5/3/2019,125.375,137.59,124.35,135.135
Mo,4/3/2019,131.048,131.135,122.62,125.4
,,0,,,
Fr,1/3/2019,135.07,137.605,133.717,136.103
Th,28/2/2019,130.882,139.02,130.115,135.07
We,27/2/2019,134.855,139.775,126.125,130.895
Tu,26/2/2019,135.735,138.775,132.747,134.853
Mo,25/2/2019,138.198,141.22,131.417,135.74
,,0,,,
Fr,22/2/2019,143.467,147.512,142.185,146.943
Th,21/2/2019,144.975,148.763,141.633,143.482
We,20/2/2019,143.04,147.52,139.607,144.975
Tu,19/2/2019,141.255,149.288,140.478,143.04
Mo,18/2/2019,126.44,148.09,125.458,141.255
,,0,,,
Fr,15/2/2019,120.445,123.113,119.033,120.428
Th,14/2/2019,120.482,123.183,118.363,120.445
We,13/2/2019,119.72,125.213,119.55,120.482
Tu,12/2/2019,119.53,122.342,117.05,119.72
Mo,11/2/2019,117.212,125.053,116.94,119.53
,,0,,,
Fr,8/2/2019,103.19,121.837,102.39,117.375
Th,7/2/2019,103.18,104.79,102.65,103.185
We,6/2/2019,106.042,106.493,100.107,103.182
Tu,5/2/2019,106.557,106.568,105.085,106.04
Mo,4/2/2019,106.188,107.882,104.462,106.557
,,0,,,
Fr,1/2/2019,105.753,106.783,103.015,106.315
Th,31/1/2019,107.298,110.085,104.742,105.753
We,30/1/2019,104.575,109.362,102.905,107.3
Tu,29/1/2019,103.518,106.69,102.167,104.575
Mo,28/1/2019,113.527,113.652,100.955,103.518
,,0,,,
Fr,25/1/2019,116.452,117.037,114.197,115.048
Th,24/1/2019,116.313,117.213,113.662,116.46
We,23/1/2019,117.565,118.79,114.987,116.333
Tu,22/1/2019,115.112,119.527,111.06,117.565
Mo,21/1/2019,116.99,118.135,113.62,115.11
,,0,,,
Fr,18/1/2019,121.607,123.333,118.188,119.5
Th,17/1/2019,122.37,123.747,117.23,121.62
We,16/1/2019,117.9,127.705,117.727,122.385
Tu,15/1/2019,128.015,130.388,117.005,117.9
Mo,14/1/2019,116.032,131.298,113.485,128.015
,,0,,,
Fr,11/1/2019,126.997,128.673,121.575,125.367
Th,10/1/2019,149.527,150.902,122.212,126.997
We,9/1/2019,148.925,152.772,147.99,149.552
Tu,8/1/2019,150.485,152.982,146.47,148.925
Mo,7/1/2019,157.652,158.533,149.708,150.482
,,0,,,
Fr,4/1/2019,147.973,155.575,145.193,154.14
Th,3/1/2019,154.55,156.62,144.522,147.973
We,2/1/2019,137.74,155.897,136.63,154.55
Tu,1/1/2019,129.962,140.357,129.585,137.74
Mo,31/12/2018,136.737,140.31,128.63,130.04
,,0,,,
Fr,28/12/2018,115.475,138.28,112.522,134.598
Th,27/12/2018,128.47,131.965,113.327,115.475
We,26/12/2018,130.365,136.725,123.52,128.397
Tu,25/12/2018,142.225,144.44,121.967,130.06
Mo,24/12/2018,128.265,159.11,127.003,142.23
,,0,,,
Fr,21/12/2018,114.195,118.875,105.155,108.022
Th,20/12/2018,98.902,117.037,98.505,114.195
We,19/12/2018,93.867,107.692,93.84,98.902
Tu,18/12/2018,93.915,96.007,91.535,93.853
Mo,17/12/2018,85.02,96.733,83.35,93.915
,,0,,,
Fr,14/12/2018,84.333,85.897,80.932,81.79
Th,13/12/2018,89.9,90.272,83.557,84.34
We,12/12/2018,87.905,90.997,86,89.897
Tu,11/12/2018,89.057,90.927,85.052,87.91
Mo,10/12/2018,94.927,96.415,87.558,89.057
,,0,,,
Fr,7/12/2018,95.07,96.507,81.19,92.997
Th,6/12/2018,101.688,103.02,93.882,95.07
We,5/12/2018,108.877,109.105,100.88,101.688
Tu,4/12/2018,108.442,111.98,104.757,108.867
Mo,3/12/2018,115.412,117.045,104.895,108.44
,,0,,,
Fr,30/11/2018,114.95,119.072,109.412,111.488
Th,29/11/2018,120.602,122.992,113.13,114.907
We,28/11/2018,108.45,125.563,107.387,120.6
Tu,27/11/2018,104.385,109.352,99.127,108.45
Mo,26/11/2018,111.298,118.83,102.76,104.382
,,0,,,
Fr,23/11/2018,128.758,129.17,116.552,120.065
Th,22/11/2018,132.212,136.585,126.882,128.755
We,21/11/2018,131.24,137.293,122.15,132.212
Tu,20/11/2018,147.268,149.518,121.527,131.29
Mo,19/11/2018,173.19,179.47,142.563,147.268
,,0,,,
Fr,16/11/2018,175.235,179.563,170.46,170.918
Th,15/11/2018,176.115,180.772,165.277,175.235
We,14/11/2018,203.59,204.93,165.288,176.115
Tu,13/11/2018,207.913,208.943,202.738,203.598
Mo,12/11/2018,207.512,211.038,207.325,207.913
,,0,,,
Fr,9/11/2018,212.53,212.667,206.207,207.753
Th,8/11/2018,217.057,218.235,210.523,212.53
We,7/11/2018,215.938,222.512,215.47,217.057
Tu,6/11/2018,206.825,216.33,206.77,215.938
Mo,5/11/2018,205.013,217.003,205.005,206.825
,,0,,,
Fr,2/11/2018,197.242,201.438,196.883,200.048
Th,1/11/2018,196.44,197.69,196.188,197.242
We,31/10/2018,194.667,198.762,192.082,196.44
Tu,30/10/2018,193.265,195.305,192.91,194.667
Mo,29/10/2018,202.03,202.932,191.99,193.265
,,0,,,
Fr,26/10/2018,199.932,204.155,198.645,200.67
Th,25/10/2018,204.49,205.23,198.12,199.932
We,24/10/2018,205.598,207.135,200.535,204.49
Tu,23/10/2018,206.385,207.175,202.988,205.598
Mo,22/10/2018,207.192,207.992,204.788,206.385
,,0,,,
Fr,19/10/2018,202.128,206.807,197.465,204.458
Th,18/10/2018,202.995,210.735,197.31,202.128
We,17/10/2018,207.173,212.92,202.39,206.163
Tu,16/10/2018,204.717,213.435,201.095,207.173
Mo,15/10/2018,199.693,223.71,190.295,204.717
,,0,,,
Fr,12/10/2018,199.27,201.49,186.52,196.615
Th,11/10/2018,225.012,226.67,193.14,199.27
We,10/10/2018,226.667,228.24,221.81,225.012
Tu,9/10/2018,229.395,230.535,225.145,226.667
Mo,8/10/2018,223.087,231.005,222.115,229.395
,,0,,,
Fr,5/10/2018,222.095,224.49,218.95,222.192
Th,4/10/2018,217.113,225.765,215.795,222.095
We,3/10/2018,225.652,227.64,214.89,217.113
Tu,2/10/2018,229.242,231.268,223.1,225.652
Mo,1/10/2018,232.372,234.568,224.42,229.242
,,0,,,
Fr,28/9/2018,228.177,233.665,215.075,220.527
Th,27/9/2018,219.307,233.323,210.448,228.177
We,26/9/2018,213.982,222.495,207.41,219.307
Tu,25/9/2018,234.438,234.455,203.69,213.982
Mo,24/9/2018,243.837,245.78,230.22,234.455
,,0,,,
Fr,21/9/2018,208.655,251.81,208.003,242.49
Th,20/9/2018,210.868,215.82,206.827,208.647
We,19/9/2018,207.78,214.677,197.28,210.898
Tu,18/9/2018,194.845,214.177,194.2,207.78
Mo,17/9/2018,217.947,224.595,192.513,194.845
,,0,,,
Fr,14/9/2018,205.695,223.878,202.865,218.563
Th,13/9/2018,181.93,211.822,180.47,205.69
We,12/9/2018,181.845,186.38,167.482,181.978
Tu,11/9/2018,196.535,199.125,176.285,181.848
Mo,10/9/2018,198.32,202.79,186.715,196.53
,,0,,,
Fr,7/9/2018,224.698,234.325,213.7,218.425
Th,6/9/2018,245.553,246.565,211.48,224.697
We,5/9/2018,285.297,287.275,239.563,245.553
Tu,4/9/2018,290.557,292.24,281.67,285.297
Mo,3/9/2018,295.192,296.34,285.49,290.557
,,0,,,
Fr,31/8/2018,284.633,285.905,275.747,283.24
Th,30/8/2018,289.897,291.53,272.335,284.633
We,29/8/2018,294.04,297.74,284.212,289.897
Tu,28/8/2018,276.765,296.07,275.77,294.04
Mo,27/8/2018,273.717,279.145,271.905,276.765
,,0,,,
Fr,24/8/2018,273.4,281.765,270.87,279.985
Th,23/8/2018,267.79,280.32,259.91,273.4
We,22/8/2018,277.282,298.84,267.6,267.79
Tu,21/8/2018,286.165,286.465,269.405,277.277
Mo,20/8/2018,295.062,303.622,282.135,286.165
,,0,,,
Fr,17/8/2018,283.385,307.93,281.555,300.505
Th,16/8/2018,287.712,298.885,277.237,283.38
We,15/8/2018,259.077,304.42,259.005,287.72
Tu,14/8/2018,288.542,289.587,251.085,259.077
Mo,13/8/2018,320.307,326.657,284.957,288.542
,,0,,,
Fr,10/8/2018,363.478,370.575,342.735,342.945
Th,9/8/2018,357.88,368.155,350.465,363.47
We,8/8/2018,384.662,384.815,348.542,357.88
Tu,7/8/2018,403.382,410.225,383.17,384.662
Mo,6/8/2018,405.03,413.25,403.062,403.382
,,0,,,
Fr,3/8/2018,409.71,419.675,397.945,415.495
Th,2/8/2018,409.563,424.427,407.81,409.71
We,1/8/2018,432.17,434.895,409.217,409.563
Tu,31/7/2018,453.547,458.025,427.777,432.17
Mo,30/7/2018,466.002,469.54,446.115,453.547
,,0,,,
Fr,27/7/2018,471.937,471.947,456.392,466.685
Th,26/7/2018,475.217,483.975,470.907,471.937
We,25/7/2018,472.025,484.345,463.88,475.077
Tu,24/7/2018,447.847,483.78,446.342,472.025
Mo,23/7/2018,462.97,469.245,447.275,447.847
,,0,,,
Fr,20/7/2018,467.042,476.36,442.115,444.25
Th,19/7/2018,473.51,483.735,462.698,467.042
We,18/7/2018,499.872,514.635,469.465,473.515
Tu,17/7/2018,475.87,511.175,465.902,499.872
Mo,16/7/2018,449.56,479.43,444.645,475.87
,,0,,,
Fr,13/7/2018,427.69,441.527,418.01,430.572
Th,12/7/2018,437.685,445.705,426.25,427.69
We,11/7/2018,440.677,447.075,424.677,437.685
Tu,10/7/2018,475.14,482.912,428.727,440.677
Mo,9/7/2018,490.505,491.325,472.725,475.14
,,0,,,
Fr,6/7/2018,463.22,475.69,451.665,468.425
Th,5/7/2018,474.475,478.2,458.105,463.22
We,4/7/2018,469.95,481.805,451.505,474.475
Tu,3/7/2018,474.86,486.987,462.135,469.985
Mo,2/7/2018,448.205,480.745,443.595,474.86
,,0,,,
Fr,29/6/2018,433.48,436.702,404.995,413.17
Th,28/6/2018,434.54,446.552,430.225,433.48
We,27/6/2018,440.91,448.87,419.513,434.54
Tu,26/6/2018,458.66,463.955,436.81,440.91
Mo,25/6/2018,454.445,473.085,445.02,458.68
,,0,,,
Fr,22/6/2018,525.91,526.975,457.115,462.915
Th,21/6/2018,532.66,545.07,521.88,525.91
We,20/6/2018,531.38,541.785,517.095,532.66
Tu,19/6/2018,518.96,547.78,515.07,531.38
Mo,18/6/2018,500.32,524.4,487.615,518.965
,,0,,,
Fr,15/6/2018,519.22,521.25,485.95,494.42
Th,14/6/2018,470.135,526.575,459.887,519.22
We,13/6/2018,490.705,501.28,450.09,470.135
Tu,12/6/2018,515.675,539.725,484.705,490.705
Mo,11/6/2018,531.405,538.475,502.995,515.67
,,0,,,
Fr,8/6/2018,602.225,608.07,592.87,598.725
Th,7/6/2018,604.405,616.525,598.625,602.215
We,6/6/2018,608.01,611.815,593.255,604.405
Tu,5/6/2018,596.885,613.15,576.455,608.015
Mo,4/6/2018,612.235,625.215,579.63,596.885
,,0,,,
Fr,1/6/2018,580.23,589.425,564.205,565.715
Th,31/5/2018,548.56,585.985,547.265,580.225
We,30/5/2018,568.815,585.255,541.28,548.56
Tu,29/5/2018,524.185,572.285,506.67,568.82
Mo,28/5/2018,557.615,574.785,511.578,524.185
,,0,,,
Fr,25/5/2018,590.745,615.85,575.23,583.19
Th,24/5/2018,586.5,608.975,546.645,590.745
We,23/5/2018,654.325,656.94,564.275,586.5
Tu,22/5/2018,697.815,700.45,654.045,654.325
Mo,21/5/2018,723.01,723.115,687.455,697.815
,,0,,,
Fr,18/5/2018,686.825,690.895,657.2,687.29
Th,17/5/2018,694.83,718.188,679.25,686.725
We,16/5/2018,712.225,712.917,675.487,694.83
Tu,15/5/2018,736.397,739.49,707.455,712.225
Mo,14/5/2018,732.385,742.495,685.615,736.46
,,0,,,
Fr,11/5/2018,737.19,740.195,666.665,673.65
Th,10/5/2018,743.99,766.75,731.465,737.19
We,9/5/2018,739.5,760.125,710.015,743.985
Tu,8/5/2018,760.215,775.25,719.892,739.5
Mo,7/5/2018,780.33,794.277,693.242,760.215
,,0,,,
Fr,4/5/2018,754.415,805.22,754.335,785.055
Th,3/5/2018,681.77,774.365,681.77,754.415
We,2/5/2018,663.98,685.605,662.73,681.52
Tu,1/5/2018,671.6,674.325,628.11,663.98
Mo,30/4/2018,680.245,694.205,671.045,671.695
,,0,,,
Fr,27/4/2018,647.95,685.355,646.25,648.905
Th,26/4/2018,636.36,647.95,600.115,647.95
We,25/4/2018,705.577,707.927,596.435,636.36
Tu,24/4/2018,639.468,711.685,639.405,706.067
Mo,23/4/2018,641.345,648.265,617.227,639.468
,,0,,,
Fr,20/4/2018,554.16,595.6,554.037,592.852
Th,19/4/2018,522.612,563.98,519.43,554.16
We,18/4/2018,503.36,523.51,501.55,522.612
Tu,17/4/2018,502.322,521.39,501.405,503.36
Mo,16/4/2018,525.945,537.287,498.927,502.322
,,0,,,
Fr,13/4/2018,467.227,528.625,467.18,493.88
Th,12/4/2018,420.37,476.915,413.847,467.227
We,11/4/2018,411.142,424.6,408.315,420.37
Tu,10/4/2018,390.112,411.837,390.032,411.142
Mo,9/4/2018,398.177,430.872,387.42,390.105
,,0,,,
Fr,6/4/2018,377.495,385.39,362.48,369.04
Th,5/4/2018,381.382,387.152,366.815,377.495
We,4/4/2018,414.122,416.812,370.522,381.382
Tu,3/4/2018,377.895,418.438,377.348,414.232
Mo,2/4/2018,379.222,393.855,375.315,377.895
,,0,,,
Fr,30/3/2018,385.657,411.295,363.66,385.035
Th,29/3/2018,446.267,450.265,384.805,385.78
We,28/3/2018,458.812,465.84,440.03,446.267
Tu,27/3/2018,474.315,496.375,446.95,458.812
Mo,26/3/2018,519.945,535.275,466.992,474.265
,,0,,,
Fr,23/3/2018,527.772,543.133,506.315,524.352
Th,22/3/2018,559.128,578.328,516.085,527.775
We,21/3/2018,558.725,590.182,544.885,559.755
Tu,20/3/2018,541.35,567.202,516.132,558.722
Mo,19/3/2018,488.19,561.477,471.92,541.355
,,0,,,
Fr,16/3/2018,604.923,626.098,584.323,613.787
Th,15/3/2018,614.962,620.318,570.37,604.575
We,14/3/2018,680.287,703.245,611.125,614.965
Tu,13/3/2018,691.582,714.39,678.21,680.352
Mo,12/3/2018,729.607,740.413,675.707,691.693
,,0,,,
Fr,9/3/2018,701.04,711.595,639.362,698.115
Th,8/3/2018,749.517,771.98,695.005,701.122
We,7/3/2018,816.685,825.1,724.205,749.58
Tu,6/3/2018,854.702,855.805,802.822,816.68
Mo,5/3/2018,859.677,869.693,852,854.702
,,0,,,
Fr,2/3/2018,871.533,875.875,848.847,856.847
Th,1/3/2018,865.192,882.07,845.897,871.145
We,28/2/2018,880.763,888.427,853.588,865.212
Tu,27/2/2018,866.372,895.625,861.272,880.763
Mo,26/2/2018,827.617,880.37,824.985,866.372
,,0,,,
Fr,23/2/2018,806.63,881.91,786.83,831.157
Th,22/2/2018,824.37,871.29,788.255,807.342
We,21/2/2018,915.162,916.073,816.002,824.37
Tu,20/2/2018,935.885,959.147,914.18,914.717
Mo,19/2/2018,937.99,956.052,910.147,935.932
,,0,,,
Fr,16/2/2018,917.94,946.84,908.48,936.642
Th,15/2/2018,904.71,949.4,903.16,917.992
We,14/2/2018,838.68,919.425,835.745,904.71
Tu,13/2/2018,869.08,869.84,823.977,839.232
Mo,12/2/2018,825.392,871.322,807.43,868.977
,,0,,,
Fr,9/2/2018,802.72,881.407,780.417,862.247
Th,8/2/2018,820.297,846.185,781.712,802.735